frase,situacao
"Estou com uma dor forte no peito há meia hora que não passa nem quando fico parado.",alto risco
"A dor no peito começou do nada enquanto eu assistia televisão e vai para o braço esquerdo.",alto risco
"Sinto um aperto no peito que irradia para o queixo e estou suando frio.",alto risco
"Desmaiei no banheiro hoje de manhã e quando acordei o coração estava muito acelerado.",alto risco
"Estou com falta de ar mesmo sentado, sem fazer esforço nenhum.",alto risco
"Não consigo dormir deitado porque fico sem ar e preciso sentar na cama.",alto risco
"A dor no peito vem com enjoo, suor frio e uma sensação de que vou morrer.",alto risco
"Meu pai está com dor no peito e a boca ficou torta de repente.",alto risco
"Medi a pressão e deu vinte por doze, estou com a visão turva e a fala enrolada.",alto risco
"O coração dispara e eu apago, já aconteceu duas vezes esta semana.",alto risco
"Sinto uma pressão no meio do peito que já dura mais de vinte minutos.",alto risco
"A dor no peito me acorda no meio da noite e não melhora com nada.",alto risco
"Estou com o braço esquerdo dormente e um peso no peito desde o almoço.",alto risco
"Tenho falta de ar que piora muito rápido e os lábios estão ficando roxos.",alto risco
"As pernas incharam muito em três dias e agora fico sem ar ao subir um degrau.",alto risco
"Senti uma dor rasgando no peito que vai para as costas, foi de repente.",alto risco
"Minha avó diabética está só com um cansaço muito estranho e enjoo desde cedo.",alto risco
"Tive um desmaio sem aviso enquanto caminhava, sem ter tropeçado.",alto risco
"A palpitação veio junto com tontura forte e quase caí no chão.",alto risco
"Estou com dor no peito e tosse com catarro rosado e espumoso.",alto risco
"A pressão está muito alta e estou com uma dor de cabeça explosiva, a pior da minha vida.",alto risco
"Senti o peito apertar enquanto dormia e acordei suando muito.",alto risco
"A dor no estômago veio com suor frio e falta de ar, nunca senti isso antes.",alto risco
"Sinto o coração batendo muito irregular e o pulso está fraco.",alto risco
"Ganhei quatro quilos em uma semana, as pernas incharam e não consigo deitar.",alto risco
"Uma dor no peito em queimação que não melhora com antiácido e vai para o pescoço.",alto risco
"Minha mãe de setenta anos ficou confusa de repente e está com o lado direito fraco.",alto risco
"Estou com falta de ar desde ontem e uma dor nas costas que piora ao respirar fundo.",alto risco
"O aperto no peito voltou, agora mais forte e mais demorado que da outra vez.",alto risco
"Já tive infarto e hoje estou sentindo a mesma dor de antes.",alto risco
"A dor no peito começou durante a corrida e não passou depois que parei.",alto risco
"Estou com o coração acelerado há mais de uma hora e a vista escurece.",alto risco
"Fiquei pálido, com suor frio e um mal-estar no peito que não sei descrever.",alto risco
"Senti uma fraqueza enorme, náusea e uma dor na mandíbula que não é de dente.",alto risco
"Estou respirando com dificuldade, chiando, e não consigo falar uma frase inteira.",alto risco
"Tenho dor no peito e o médico disse semana passada que meu colesterol está altíssimo.",alto risco
"Desmaiei depois de subir a escada e senti o peito apertado antes de cair.",alto risco
"O inchaço nas pernas veio com falta de ar à noite e tosse seca deitado.",alto risco
"A pressão subiu para vinte e dois por treze e estou com náusea e tontura.",alto risco
"Sinto pontadas fortes no peito e o coração parece que vai sair pela boca.",alto risco
"Estou com dor nas costas entre as escápulas, suor frio e enjoo, sou diabético.",alto risco
"Fiquei sem ar de repente depois de uma viagem longa de avião e a panturrilha está inchada.",alto risco
"O peito dói quando respiro e a falta de ar começou do nada hoje cedo.",alto risco
"Senti uma dor forte no peito e tive vômito, a dor não alivia sentado.",alto risco
"A batedeira no peito veio com dor e um desmaio rápido no trabalho.",alto risco
"Meu marido está com dor no peito há uma hora e ficou com a pele acinzentada.",alto risco
"Tenho insuficiência cardíaca e hoje a falta de ar está muito pior que o normal.",alto risco
"A dor no braço esquerdo e no peito aparece até em repouso agora.",alto risco
"Estou muito cansado, sem ar até para tomar banho, coisa que eu fazia normalmente semana passada.",alto risco
"Tive dor no peito com falta de ar e o oxímetro marcou oitenta e oito.",alto risco
"Sinto uma dorzinha nas costas depois de carregar peso, piora quando giro o tronco.",baixo risco
"Meu coração acelerou quando fiquei nervoso na prova, mas passou em poucos minutos.",baixo risco
"Estou cansado porque dormi mal esta semana por causa do trabalho.",baixo risco
"Tenho uma dor no ombro que aparece quando levanto o braço no treino.",baixo risco
"Depois do café forte senti umas batidas mais rápidas que passaram sozinhas.",baixo risco
"A dor no peito aparece quando aperto o local, parece muscular depois da academia.",baixo risco
"Estou com dor de cabeça leve no fim do dia, melhora quando descanso.",baixo risco
"Senti uma pontada rápida no peito que durou dois segundos e não voltou.",baixo risco
"Fico com falta de ar só quando corro muito rápido, e passa logo que paro.",baixo risco
"As pernas ficam um pouco inchadas no fim de um dia de calor e somem de manhã.",baixo risco
"Tenho azia depois de comer feijoada, melhora com antiácido.",baixo risco
"Fiquei tonto ao levantar rápido da cama, mas passou em segundos.",baixo risco
"Estou com o nariz entupido e uma tosse leve de resfriado.",baixo risco
"Senti o coração bater forte depois de subir quatro andares de escada, normal para mim.",baixo risco
"A dor nas costelas começou depois de uma tosse forte de gripe.",baixo risco
"Ando ansioso com o trabalho e às vezes sinto um nó na garganta.",baixo risco
"Sinto cãibra na panturrilha à noite depois de jogar futebol.",baixo risco
"Estou com dor nas costas mas sem dor no peito e sem falta de ar.",baixo risco
"Tive uma palpitação leve ontem quando estava estressado, hoje estou bem.",baixo risco
"Meu joelho dói quando desço escada.",baixo risco
"Sinto um cansaço normal depois de um dia inteiro de trabalho pesado.",baixo risco
"A pressão deu doze por oito na farmácia, só queria confirmar.",baixo risco
"Estou com dor de garganta e um pouco de febre baixa.",baixo risco
"Senti um desconforto no peito ao rir muito, passou na hora.",baixo risco
"Tenho dor no pescoço por dormir de mau jeito.",baixo risco
"Fico com o coração acelerado quando tomo energético, mas não sinto mais nada.",baixo risco
"A barriga está estufada depois do almoço e passa à tarde.",baixo risco
"Sinto formigamento na mão quando fico muito tempo no celular.",baixo risco
"Não tenho dor no peito, só queria saber se posso voltar a correr.",baixo risco
"Estou com uma dor muscular no peito depois de fazer flexão pela primeira vez.",baixo risco
"Tive um pouco de falta de ar na subida da trilha, mas me recuperei rápido.",baixo risco
"Sinto as mãos frias quando o ar condicionado está forte.",baixo risco
"Estou com dor de cabeça porque fiquei muitas horas sem comer.",baixo risco
"A palpitação aparece quando estou deitado do lado esquerdo e some quando viro.",baixo risco
"Tenho uma tosse seca que começou junto com a alergia de primavera.",baixo risco
"Senti o peito apertado de tanto chorar com uma notícia triste, passou depois.",baixo risco
"Meu tornozelo inchou depois que torci jogando bola.",baixo risco
"Estou sem energia porque estou de dieta e comendo pouco.",baixo risco
"A dor nas costas melhora com alongamento e piora quando fico sentado o dia todo.",baixo risco
"Sinto um leve enjoo de manhã quando tomo café sem comer.",baixo risco
"Fico ofegante quando falo muito rápido em reunião, mas é coisa de segundos.",baixo risco
"Tenho uma dor na lateral do peito quando faço movimento brusco com o braço.",baixo risco
"Estou com olheiras e cansado depois de uma semana de plantão.",baixo risco
"O coração disparou com um susto no trânsito e voltou ao normal em seguida.",baixo risco
"Sinto dor na sola do pé quando caminho muito de manhã.",baixo risco
"Estou com uma leve rouquidão depois de gritar no show.",baixo risco
"A pressão está controlada com o remédio e não sinto nada diferente.",baixo risco
"Fiquei com a perna dolorida depois da academia, dor de treino mesmo.",baixo risco
"Sinto um pouco de calor e suor quando estou em ambiente abafado.",baixo risco
"Às vezes sinto o coração bater mais forte quando deito para dormir, sem outros sintomas.",baixo risco
